ds,trend,yhat_lower,yhat_upper,trend_lower,trend_upper,additive_terms,additive_terms_lower,additive_terms_upper,multiplicative_terms,multiplicative_terms_lower,multiplicative_terms_upper,yhat
2025-01-01 00:00:00,61.45576865999999,-27.517377917723298,150.10361370310758,61.45576865999999,61.45576865999999,0.0,0.0,0.0,0.0,0.0,0.0,61.45576865999999
2025-01-01 00:00:05,59.3316059415126,-32.999066314279226,144.3410282538334,59.3316059415126,59.3316059415126,0.0,0.0,0.0,0.0,0.0,0.0,59.3316059415126
2025-01-01 00:00:10,57.2074432230252,-32.59220240081741,141.84832371235794,57.2074432230252,57.2074432230252,0.0,0.0,0.0,0.0,0.0,0.0,57.2074432230252
2025-01-01 00:00:15,55.08328050453781,-39.239321640382435,143.6876931506353,55.08328050453781,55.08328050453781,0.0,0.0,0.0,0.0,0.0,0.0,55.08328050453781
2025-01-01 00:00:20,52.95911778605041,-40.66593457817252,147.00053595368422,52.95911778605041,52.95911778605041,0.0,0.0,0.0,0.0,0.0,0.0,52.95911778605041
2025-01-01 00:00:25,50.834955067563016,-33.92075732826188,134.41432343588085,50.834955067563016,50.834955067563016,0.0,0.0,0.0,0.0,0.0,0.0,50.834955067563016
2025-01-01 00:00:30,48.710792349075625,-37.47809508094285,135.74722196948852,48.710792349075625,48.710792349075625,0.0,0.0,0.0,0.0,0.0,0.0,48.710792349075625
2025-01-01 00:00:35,46.58662963058823,-38.74615667263407,134.9527719520972,46.58662963058823,46.58662963058823,0.0,0.0,0.0,0.0,0.0,0.0,46.58662963058823
2025-01-01 00:00:40,44.46246691210084,-49.62536108489087,141.74466950793192,44.46246691210084,44.46246691210084,0.0,0.0,0.0,0.0,0.0,0.0,44.46246691210084
2025-01-01 00:00:45,42.3383200665663,-46.323139155612026,127.36589529759895,42.3383200665663,42.3383200665663,0.0,0.0,0.0,0.0,0.0,0.0,42.3383200665663
2025-01-01 00:00:50,40.21417322103175,-46.107720050035574,127.85259643687579,40.21417322103175,40.21417322103175,0.0,0.0,0.0,0.0,0.0,0.0,40.21417322103175
2025-01-01 00:00:55,38.090026375497224,-46.597125632666305,126.08406007363756,38.090026375497224,38.090026375497224,0.0,0.0,0.0,0.0,0.0,0.0,38.090026375497224
2025-01-01 00:01:00,35.96587952996268,-52.97769670094711,125.94116347768686,35.96587952996268,35.96587952996268,0.0,0.0,0.0,0.0,0.0,0.0,35.96587952996268
2025-01-01 00:01:05,33.841732684428145,-59.36185201383821,120.80159917870942,33.841732684428145,33.841732684428145,0.0,0.0,0.0,0.0,0.0,0.0,33.841732684428145
2025-01-01 00:01:10,31.71758583889361,-59.14873163558442,121.13472423362734,31.71758583889361,31.71758583889361,0.0,0.0,0.0,0.0,0.0,0.0,31.71758583889361
2025-01-01 00:01:15,29.593438993359076,-60.33060422159366,113.84847368724823,29.593438993359076,29.593438993359076,0.0,0.0,0.0,0.0,0.0,0.0,29.593438993359076
2025-01-01 00:01:20,27.992426699925378,-60.61018071654977,111.59862743854731,27.992426699925378,27.992426699925378,0.0,0.0,0.0,0.0,0.0,0.0,27.992426699925378
2025-01-01 00:01:25,26.391414406491684,-61.568978901196765,116.74876805042042,26.391414406491684,26.391414406491684,0.0,0.0,0.0,0.0,0.0,0.0,26.391414406491684
2025-01-01 00:01:30,24.790402113057986,-61.083882640394556,124.27891970530588,24.790402113057986,24.790402113057986,0.0,0.0,0.0,0.0,0.0,0.0,24.790402113057986
2025-01-01 00:01:35,23.189389819624292,-66.07895371000723,111.73451819202548,23.189389819624292,23.189389819624292,0.0,0.0,0.0,0.0,0.0,0.0,23.189389819624292
2025-01-01 00:01:40,21.588377526190587,-63.664012599891635,110.13326631746753,21.588377526190587,21.588377526190587,0.0,0.0,0.0,0.0,0.0,0.0,21.588377526190587
2025-01-01 00:01:45,19.98736523275689,-74.01996294274679,109.87392605277176,19.98736523275689,19.98736523275689,0.0,0.0,0.0,0.0,0.0,0.0,19.98736523275689
2025-01-01 00:01:50,18.386352939323196,-67.16336103633832,115.03396516099029,18.386352939323196,18.386352939323196,0.0,0.0,0.0,0.0,0.0,0.0,18.386352939323196
2025-01-01 00:01:55,16.785340645889498,-69.98680391616035,104.24036211555284,16.785340645889498,16.785340645889498,0.0,0.0,0.0,0.0,0.0,0.0,16.785340645889498
2025-01-01 00:02:00,15.846351834808742,-71.90098196040755,106.53033733597533,15.846351834808742,15.846351834808742,0.0,0.0,0.0,0.0,0.0,0.0,15.846351834808742
2025-01-01 00:02:05,14.907363023727985,-78.09724189281916,105.24484886132008,14.907363023727985,14.907363023727985,0.0,0.0,0.0,0.0,0.0,0.0,14.907363023727985
2025-01-01 00:02:10,13.96837421264723,-72.69421951613542,113.18580436588366,13.96837421264723,13.96837421264723,0.0,0.0,0.0,0.0,0.0,0.0,13.96837421264723
2025-01-01 00:02:15,13.029385401566474,-74.30542291631355,103.42723935928832,13.029385401566474,13.029385401566474,0.0,0.0,0.0,0.0,0.0,0.0,13.029385401566474
2025-01-01 00:02:20,12.090396590485721,-77.79081997075866,104.01383693342845,12.090396590485721,12.090396590485721,0.0,0.0,0.0,0.0,0.0,0.0,12.090396590485721
2025-01-01 00:02:25,11.151407779404963,-74.81418309549522,102.90167041906145,11.151407779404963,11.151407779404963,0.0,0.0,0.0,0.0,0.0,0.0,11.151407779404963
2025-01-01 00:02:30,10.212418968324199,-77.80473617927984,99.10985113321162,10.212418968324199,10.212418968324199,0.0,0.0,0.0,0.0,0.0,0.0,10.212418968324199
2025-01-01 00:02:35,9.815124963125795,-82.3584303203836,100.11292839092643,9.815124963125795,9.815124963125795,0.0,0.0,0.0,0.0,0.0,0.0,9.815124963125795
2025-01-01 00:02:40,9.417830957927393,-80.22609623114768,94.99143792331719,9.417830957927393,9.417830957927393,0.0,0.0,0.0,0.0,0.0,0.0,9.417830957927393
2025-01-01 00:02:45,9.020536952728989,-80.37896325642572,95.5196225290774,9.020536952728989,9.020536952728989,0.0,0.0,0.0,0.0,0.0,0.0,9.020536952728989
2025-01-01 00:02:50,8.623242947530587,-79.74984982398954,95.42125986752767,8.623242947530587,8.623242947530587,0.0,0.0,0.0,0.0,0.0,0.0,8.623242947530587
2025-01-01 00:02:55,8.225948942332181,-78.4284366022349,97.34707122531789,8.225948942332181,8.225948942332181,0.0,0.0,0.0,0.0,0.0,0.0,8.225948942332181
2025-01-01 00:03:00,7.828654937133781,-78.6572485989866,94.5683201028461,7.828654937133781,7.828654937133781,0.0,0.0,0.0,0.0,0.0,0.0,7.828654937133781
2025-01-01 00:03:05,7.431360931935376,-80.03458279654986,96.77104060920112,7.431360931935376,7.431360931935376,0.0,0.0,0.0,0.0,0.0,0.0,7.431360931935376
2025-01-01 00:03:10,7.034066926736971,-73.12156907978716,98.43956037184078,7.034066926736971,7.034066926736971,0.0,0.0,0.0,0.0,0.0,0.0,7.034066926736971
2025-01-01 00:03:15,6.9004323754041135,-84.11776336825343,97.5890298435285,6.9004323754041135,6.9004323754041135,0.0,0.0,0.0,0.0,0.0,0.0,6.9004323754041135
2025-01-01 00:03:20,6.766797824071256,-81.76433579983494,101.99414558081224,6.766797824071256,6.766797824071256,0.0,0.0,0.0,0.0,0.0,0.0,6.766797824071256
2025-01-01 00:03:25,6.6331632727384,-81.4323524538219,99.58224639928967,6.6331632727384,6.6331632727384,0.0,0.0,0.0,0.0,0.0,0.0,6.6331632727384
2025-01-01 00:03:30,6.499528721405542,-86.19351412278539,101.07759075128928,6.499528721405542,6.499528721405542,0.0,0.0,0.0,0.0,0.0,0.0,6.499528721405542
2025-01-01 00:03:35,6.365894170072686,-78.2998611195495,94.7782310388106,6.365894170072686,6.365894170072686,0.0,0.0,0.0,0.0,0.0,0.0,6.365894170072686
2025-01-01 00:03:40,6.232259618739828,-82.28388458492844,93.7445873674188,6.232259618739828,6.232259618739828,0.0,0.0,0.0,0.0,0.0,0.0,6.232259618739828
2025-01-01 00:03:45,6.098625067406972,-85.6566873813017,95.7583434868564,6.098625067406972,6.098625067406972,0.0,0.0,0.0,0.0,0.0,0.0,6.098625067406972
2025-01-01 00:03:50,5.964990516074119,-85.98414924305987,93.11632119001946,5.964990516074119,5.964990516074119,0.0,0.0,0.0,0.0,0.0,0.0,5.964990516074119
2025-01-01 00:03:55,5.862049569505968,-87.62859176512634,89.26473495749282,5.862049569505968,5.862049569505968,0.0,0.0,0.0,0.0,0.0,0.0,5.862049569505968
2025-01-01 00:04:00,5.759108622937816,-87.47756614573744,91.9308607550894,5.759108622937816,5.759108622937816,0.0,0.0,0.0,0.0,0.0,0.0,5.759108622937816
2025-01-01 00:04:05,5.656167676369666,-78.16497774224011,91.83855122991515,5.656167676369666,5.656167676369666,0.0,0.0,0.0,0.0,0.0,0.0,5.656167676369666
2025-01-01 00:04:10,5.553226729801515,-85.86866798253607,92.7846107385151,5.553226729801515,5.553226729801515,0.0,0.0,0.0,0.0,0.0,0.0,5.553226729801515
2025-01-01 00:04:15,5.4502857832333635,-79.92632486670242,90.1030904749181,5.4502857832333635,5.4502857832333635,0.0,0.0,0.0,0.0,0.0,0.0,5.4502857832333635
2025-01-01 00:04:20,5.347344836665212,-85.93989376746009,93.1966758676164,5.347344836665212,5.347344836665212,0.0,0.0,0.0,0.0,0.0,0.0,5.347344836665212
2025-01-01 00:04:25,5.244403890097065,-87.45389244388568,102.52758550981746,5.244403890097065,5.244403890097065,0.0,0.0,0.0,0.0,0.0,0.0,5.244403890097065
2025-01-01 00:04:30,5.1519310404700915,-85.84817270803681,97.49448936562007,5.1519310404700915,5.1519310404700915,0.0,0.0,0.0,0.0,0.0,0.0,5.1519310404700915
2025-01-01 00:04:35,5.059458190843117,-84.01223930904342,93.60550950334209,5.059458190843117,5.059458190843117,0.0,0.0,0.0,0.0,0.0,0.0,5.059458190843117
2025-01-01 00:04:40,4.966985341216142,-87.13640317908977,95.87217515382844,4.966985341216142,4.966985341216142,0.0,0.0,0.0,0.0,0.0,0.0,4.966985341216142
2025-01-01 00:04:45,4.874512491589168,-92.7022675837895,97.19929430380348,4.874512491589168,4.874512491589168,0.0,0.0,0.0,0.0,0.0,0.0,4.874512491589168
2025-01-01 00:04:50,4.782039641962193,-76.66448721290884,101.0194029142741,4.782039641962193,4.782039641962193,0.0,0.0,0.0,0.0,0.0,0.0,4.782039641962193
2025-01-01 00:04:55,4.689566792335218,-93.54755748858342,95.41687658668678,4.689566792335218,4.689566792335218,0.0,0.0,0.0,0.0,0.0,0.0,4.689566792335218
2025-01-01 00:05:00,4.597093942708244,-79.44371846794876,90.98915664219167,4.597093942708244,4.597093942708244,0.0,0.0,0.0,0.0,0.0,0.0,4.597093942708244
2025-01-01 00:05:05,4.504621093081253,-83.443482614929,92.39667431971931,4.504621093081253,4.504621093081253,0.0,0.0,0.0,0.0,0.0,0.0,4.504621093081253
2025-01-01 00:05:10,4.416334310952597,-87.32249344951401,96.42825766393948,4.416334310952597,4.416334310952597,0.0,0.0,0.0,0.0,0.0,0.0,4.416334310952597
2025-01-01 00:05:15,4.328047528823942,-88.11388732633026,93.79146477819579,4.328047528823942,4.328047528823942,0.0,0.0,0.0,0.0,0.0,0.0,4.328047528823942
2025-01-01 00:05:20,4.2397607466952865,-85.38713969911144,90.76140199538793,4.2397607466952865,4.2397607466952865,0.0,0.0,0.0,0.0,0.0,0.0,4.2397607466952865
2025-01-01 00:05:25,4.151473964566632,-84.7693507316196,91.52807642828118,4.151473964566632,4.151473964566632,0.0,0.0,0.0,0.0,0.0,0.0,4.151473964566632
2025-01-01 00:05:30,4.063187182437976,-85.8988826541682,94.21094448412163,4.063187182437976,4.063187182437976,0.0,0.0,0.0,0.0,0.0,0.0,4.063187182437976
2025-01-01 00:05:35,3.9749004003093202,-87.19022370729786,86.70337446240998,3.9749004003093202,3.9749004003093202,0.0,0.0,0.0,0.0,0.0,0.0,3.9749004003093202
2025-01-01 00:05:40,3.886613618180682,-84.43334969041895,90.60749147926852,3.886613618180682,3.886613618180682,0.0,0.0,0.0,0.0,0.0,0.0,3.886613618180682
2025-01-01 00:05:45,3.8159020781024457,-83.06454780452187,92.23331434430577,3.8159020781024457,3.8159020781024457,0.0,0.0,0.0,0.0,0.0,0.0,3.8159020781024457
2025-01-01 00:05:50,3.7451905380242114,-87.95239987735546,92.73205207389647,3.7451905380242114,3.7451905380242114,0.0,0.0,0.0,0.0,0.0,0.0,3.7451905380242114
2025-01-01 00:05:55,3.674478997945976,-78.47765425836226,95.90360936240899,3.674478997945976,3.674478997945976,0.0,0.0,0.0,0.0,0.0,0.0,3.674478997945976
2025-01-01 00:06:00,3.6037674578677423,-83.59433205150368,88.3762209049537,3.6037674578677423,3.6037674578677423,0.0,0.0,0.0,0.0,0.0,0.0,3.6037674578677423
2025-01-01 00:06:05,3.5330559177895062,-84.86213421261512,85.39610539697942,3.5330559177895062,3.5330559177895062,0.0,0.0,0.0,0.0,0.0,0.0,3.5330559177895062
2025-01-01 00:06:10,3.462344377711271,-82.04702348708639,94.11964752779105,3.462344377711271,3.462344377711271,0.0,0.0,0.0,0.0,0.0,0.0,3.462344377711271
2025-01-01 00:06:15,3.3916328376330367,-84.46303541342719,89.72130428224034,3.3916328376330367,3.3916328376330367,0.0,0.0,0.0,0.0,0.0,0.0,3.3916328376330367
2025-01-01 00:06:20,3.320921297554783,-87.8629371824924,84.78036921438219,3.320921297554783,3.320921297554783,0.0,0.0,0.0,0.0,0.0,0.0,3.320921297554783
2025-01-01 00:06:25,3.2575859646194036,-87.62441340046956,96.73106289797926,3.2575859646194036,3.2575859646194036,0.0,0.0,0.0,0.0,0.0,0.0,3.2575859646194036
2025-01-01 00:06:30,3.1942506316840253,-82.92705754416136,93.00314670326925,3.1942506316840253,3.1942506316840253,0.0,0.0,0.0,0.0,0.0,0.0,3.1942506316840253
2025-01-01 00:06:35,3.1309152987486484,-85.13381524068691,96.91733465870664,3.1309152987486484,3.1309152987486484,0.0,0.0,0.0,0.0,0.0,0.0,3.1309152987486484
2025-01-01 00:06:40,3.067579965813269,-89.78002669921837,94.46251900587946,3.067579965813269,3.067579965813269,0.0,0.0,0.0,0.0,0.0,0.0,3.067579965813269
2025-01-01 00:06:45,3.004244632877891,-84.45455460842788,90.8622719553037,3.004244632877891,3.004244632877891,0.0,0.0,0.0,0.0,0.0,0.0,3.004244632877891
2025-01-01 00:06:50,2.9409092999425126,-83.68652837415063,98.23998492912236,2.9409092999425126,2.9409092999425126,0.0,0.0,0.0,0.0,0.0,0.0,2.9409092999425126
2025-01-01 00:06:55,2.8775739670071356,-88.61764318952228,98.76917571224742,2.8775739670071356,2.8775739670071356,0.0,0.0,0.0,0.0,0.0,0.0,2.8775739670071356
2025-01-01 00:07:00,2.8142386340717858,-84.85523890356522,91.73771756253477,2.8142386340717858,2.8142386340717858,0.0,0.0,0.0,0.0,0.0,0.0,2.8142386340717858
2025-01-01 00:07:05,2.762230509262458,-88.05729438206967,88.29274266215714,2.762230509262458,2.762230509262458,0.0,0.0,0.0,0.0,0.0,0.0,2.762230509262458
2025-01-01 00:07:10,2.710222384453132,-88.24330549359289,87.16181189572474,2.710222384453132,2.710222384453132,0.0,0.0,0.0,0.0,0.0,0.0,2.710222384453132
2025-01-01 00:07:15,2.6582142596438043,-84.81242754771367,84.65246511939635,2.6582142596438043,2.6582142596438043,0.0,0.0,0.0,0.0,0.0,0.0,2.6582142596438043
2025-01-01 00:07:20,2.606206134834476,-93.44634444950506,88.88472255762355,2.606206134834476,2.606206134834476,0.0,0.0,0.0,0.0,0.0,0.0,2.606206134834476
2025-01-01 00:07:25,2.5541980100251487,-89.72369204545083,92.35521965993456,2.5541980100251487,2.5541980100251487,0.0,0.0,0.0,0.0,0.0,0.0,2.5541980100251487
2025-01-01 00:07:30,2.502189885215822,-84.43104771701378,91.28389329636485,2.502189885215822,2.502189885215822,0.0,0.0,0.0,0.0,0.0,0.0,2.502189885215822
2025-01-01 00:07:35,2.450181760406487,-88.48163767216239,88.71978125972629,2.450181760406487,2.450181760406487,0.0,0.0,0.0,0.0,0.0,0.0,2.450181760406487
2025-01-01 00:07:40,2.3989559355937975,-87.74445010315225,91.34779668685357,2.3989559355937975,2.3989559355937975,0.0,0.0,0.0,0.0,0.0,0.0,2.3989559355937975
2025-01-01 00:07:45,2.347730110781109,-85.63334004828064,100.48811329319747,2.347730110781109,2.347730110781109,0.0,0.0,0.0,0.0,0.0,0.0,2.347730110781109
2025-01-01 00:07:50,2.2965042859684197,-90.3036553422276,95.48411395143746,2.2965042859684197,2.2965042859684197,0.0,0.0,0.0,0.0,0.0,0.0,2.2965042859684197
2025-01-01 00:07:55,2.2452784611557313,-88.04622490777652,89.25055234275155,2.2452784611557313,2.2452784611557313,0.0,0.0,0.0,0.0,0.0,0.0,2.2452784611557313
2025-01-01 00:08:00,2.194052636343042,-88.10316661137712,92.74388338863119,2.194052636343042,2.194052636343042,0.0,0.0,0.0,0.0,0.0,0.0,2.194052636343042
2025-01-01 00:08:05,2.1428268115303535,-83.74825508200394,92.54015145390373,2.1428268115303535,2.1428268115303535,0.0,0.0,0.0,0.0,0.0,0.0,2.1428268115303535
2025-01-01 00:08:10,2.091600986717665,-86.86994254953144,97.34501898145147,2.091600986717665,2.091600986717665,0.0,0.0,0.0,0.0,0.0,0.0,2.091600986717665
2025-01-01 00:08:15,2.0403751619049717,-93.37100366014118,86.0519787911629,2.0403751619049717,2.0403751619049717,0.0,0.0,0.0,0.0,0.0,0.0,2.0403751619049717
2025-01-01 00:08:20,2.0000273339662322,-83.87384589378041,91.616619756523,2.0000273339662322,2.0000273339662322,0.0,0.0,0.0,0.0,0.0,0.0,2.0000273339662322
2025-01-01 00:08:25,1.9596795060274934,-92.11821519465177,90.90498769308961,1.9596795060274934,1.9596795060274934,0.0,0.0,0.0,0.0,0.0,0.0,1.9596795060274934
2025-01-01 00:08:30,1.919331678088754,-92.30255395802332,86.12377999161373,1.919331678088754,1.919331678088754,0.0,0.0,0.0,0.0,0.0,0.0,1.919331678088754
2025-01-01 00:08:35,1.8789838501500145,-84.50384029324438,92.67404659189633,1.8789838501500145,1.8789838501500145,0.0,0.0,0.0,0.0,0.0,0.0,1.8789838501500145
2025-01-01 00:08:40,1.838636022211275,-88.13869234193132,94.295984762696,1.838636022211275,1.838636022211275,0.0,0.0,0.0,0.0,0.0,0.0,1.838636022211275
2025-01-01 00:08:45,1.7982881942725362,-92.63753453489308,93.47015403537286,1.7982881942725362,1.7982881942725362,0.0,0.0,0.0,0.0,0.0,0.0,1.7982881942725362
2025-01-01 00:08:50,1.7579403663337727,-88.19560631351344,85.83247701272724,1.7579403663337727,1.7579403663337727,0.0,0.0,0.0,0.0,0.0,0.0,1.7579403663337727
2025-01-01 00:08:55,1.7175933277748614,-93.33399568295263,89.73718080924199,1.7175933277748614,1.7175933277748614,0.0,0.0,0.0,0.0,0.0,0.0,1.7175933277748614
2025-01-01 00:09:00,1.6772462892159496,-86.80487495193262,84.6281892718013,1.6772462892159496,1.6772462892159496,0.0,0.0,0.0,0.0,0.0,0.0,1.6772462892159496
2025-01-01 00:09:05,1.6368992506570377,-88.01989846780938,99.31415754006899,1.6368992506570377,1.6368992506570377,0.0,0.0,0.0,0.0,0.0,0.0,1.6368992506570377
2025-01-01 00:09:10,1.5965522120981255,-88.61200505999545,92.8096034393777,1.5965522120981255,1.5965522120981255,0.0,0.0,0.0,0.0,0.0,0.0,1.5965522120981255
2025-01-01 00:09:15,1.5562051735392142,-92.71060052355365,91.06824400713634,1.5562051735392142,1.5562051735392142,0.0,0.0,0.0,0.0,0.0,0.0,1.5562051735392142
2025-01-01 00:09:20,1.5158581349803029,-87.04403110641314,92.82792073035452,1.5158581349803029,1.5158581349803029,0.0,0.0,0.0,0.0,0.0,0.0,1.5158581349803029
2025-01-01 00:09:25,1.4755110964213904,-90.78573434975935,87.42578322759928,1.4755110964213904,1.4755110964213904,0.0,0.0,0.0,0.0,0.0,0.0,1.4755110964213904
2025-01-01 00:09:30,1.4351640578625084,-91.45590642408791,99.00084418430495,1.4351640578625084,1.4351640578625084,0.0,0.0,0.0,0.0,0.0,0.0,1.4351640578625084
2025-01-01 00:09:35,1.3948581967962186,-86.09082613073414,94.16053456431058,1.3948581967962186,1.3948581967962186,0.0,0.0,0.0,0.0,0.0,0.0,1.3948581967962186
2025-01-01 00:09:40,1.3545523357299287,-84.49991473455952,90.56578406409601,1.3545523357299287,1.3545523357299287,0.0,0.0,0.0,0.0,0.0,0.0,1.3545523357299287
2025-01-01 00:09:45,1.3142464746636398,-88.43549399607626,95.39948204536195,1.3142464746636398,1.3142464746636398,0.0,0.0,0.0,0.0,0.0,0.0,1.3142464746636398
2025-01-01 00:09:50,1.2739406135973497,-87.8613592016706,93.18451028634767,1.2739406135973497,1.2739406135973497,0.0,0.0,0.0,0.0,0.0,0.0,1.2739406135973497
2025-01-01 00:09:55,1.2336347525310598,-91.1593514472975,85.3387946757183,1.2336347525310598,1.2336347525310598,0.0,0.0,0.0,0.0,0.0,0.0,1.2336347525310598
2025-01-01 00:10:00,1.19332889146477,-91.4853814190449,89.5113861351381,1.19332889146477,1.19332889146477,0.0,0.0,0.0,0.0,0.0,0.0,1.19332889146477
2025-01-01 00:10:05,1.153023030398481,-84.91629226874821,93.03727678023634,1.153023030398481,1.153023030398481,0.0,0.0,0.0,0.0,0.0,0.0,1.153023030398481
2025-01-01 00:10:10,1.1127171693321685,-92.1252378547127,89.69038400734065,1.1127171693321685,1.1127171693321685,0.0,0.0,0.0,0.0,0.0,0.0,1.1127171693321685
2025-01-01 00:10:15,1.0724113138194433,-89.38767659321464,97.85965492872427,1.0724113138194433,1.0724113138194433,0.0,0.0,0.0,0.0,0.0,0.0,1.0724113138194433
2025-01-01 00:10:20,1.0321054583067193,-89.96206725154514,91.28985782386025,1.0321054583067193,1.0321054583067193,0.0,0.0,0.0,0.0,0.0,0.0,1.0321054583067193
2025-01-01 00:10:25,0.9917996027939951,-86.362240622476,90.73062915541234,0.9917996027939951,0.9917996027939951,0.0,0.0,0.0,0.0,0.0,0.0,0.9917996027939951
2025-01-01 00:10:30,0.951493747281271,-93.92861408381336,92.38374755251057,0.951493747281271,0.951493747281271,0.0,0.0,0.0,0.0,0.0,0.0,0.951493747281271
2025-01-01 00:10:35,0.9111878917685469,-95.91320784967576,96.03300957279076,0.9111878917685469,0.9111878917685469,0.0,0.0,0.0,0.0,0.0,0.0,0.9111878917685469
2025-01-01 00:10:40,0.8708820362558217,-88.02558394084652,89.46375694530603,0.8708820362558217,0.8708820362558217,0.0,0.0,0.0,0.0,0.0,0.0,0.8708820362558217
2025-01-01 00:10:45,0.8305761807430996,-94.02692664147473,95.25574887047293,0.8305761807430996,0.8305761807430996,0.0,0.0,0.0,0.0,0.0,0.0,0.8305761807430996
2025-01-01 00:10:50,0.7902958062205852,-89.05254449431239,94.62784784544758,0.7902958062205852,0.7902958062205852,0.0,0.0,0.0,0.0,0.0,0.0,0.7902958062205852
2025-01-01 00:10:55,0.7500154316980708,-89.45423431871852,89.3348169096166,0.7500154316980708,0.7500154316980708,0.0,0.0,0.0,0.0,0.0,0.0,0.7500154316980708
2025-01-01 00:11:00,0.7097350571755565,-94.34315157699939,85.73640886518693,0.7097350571755565,0.7097350571755565,0.0,0.0,0.0,0.0,0.0,0.0,0.7097350571755565
2025-01-01 00:11:05,0.6694546826530421,-92.33686489176898,83.60931290433624,0.6694546826530421,0.6694546826530421,0.0,0.0,0.0,0.0,0.0,0.0,0.6694546826530421
2025-01-01 00:11:10,0.6291743081305288,-89.07083806250733,89.4475424910701,0.6291743081305288,0.6291743081305288,0.0,0.0,0.0,0.0,0.0,0.0,0.6291743081305288
2025-01-01 00:11:15,0.5888939336080145,-93.17667818547535,94.61642049302343,0.5888939336080145,0.5888939336080145,0.0,0.0,0.0,0.0,0.0,0.0,0.5888939336080145
2025-01-01 00:11:20,0.5486135590855,-88.29038474564634,90.83415729652275,0.5486135590855,0.5486135590855,0.0,0.0,0.0,0.0,0.0,0.0,0.5486135590855
2025-01-01 00:11:25,0.5083331845629906,-90.78043168866422,87.64343072423134,0.5083331845629906,0.5083331845629906,0.0,0.0,0.0,0.0,0.0,0.0,0.5083331845629906
2025-01-01 00:11:30,0.46805280667921595,-95.65574437019835,87.56414582699152,0.46805280667921595,0.46805280667921595,0.0,0.0,0.0,0.0,0.0,0.0,0.46805280667921595
2025-01-01 00:11:35,0.4277724287954413,-88.37757320316827,85.02473618338556,0.4277724287954413,0.4277724287954413,0.0,0.0,0.0,0.0,0.0,0.0,0.4277724287954413
2025-01-01 00:11:40,0.3874920509116676,-86.57562459619535,85.1940631516539,0.3874920509116676,0.3874920509116676,0.0,0.0,0.0,0.0,0.0,0.0,0.3874920509116676
2025-01-01 00:11:45,0.3472116730278939,-93.8783226273446,89.03707476700781,0.3472116730278939,0.3472116730278939,0.0,0.0,0.0,0.0,0.0,0.0,0.3472116730278939
2025-01-01 00:11:50,0.3069312951441192,-87.18706216540133,92.04249732375894,0.3069312951441192,0.3069312951441192,0.0,0.0,0.0,0.0,0.0,0.0,0.3069312951441192
2025-01-01 00:11:55,0.26665091726034557,-92.73374827989933,95.12142182610813,0.26665091726034557,0.26665091726034557,0.0,0.0,0.0,0.0,0.0,0.0,0.26665091726034557
2025-01-01 00:12:00,0.22637053937656598,-89.73055279283543,93.89029546338806,0.22637053937656598,0.22637053937656598,0.0,0.0,0.0,0.0,0.0,0.0,0.22637053937656598
2025-01-01 00:12:05,0.1860903417733641,-89.40757926875612,87.7939007808555,0.1860903417733641,0.1860903417733641,0.0,0.0,0.0,0.0,0.0,0.0,0.1860903417733641
2025-01-01 00:12:10,0.1458101441701612,-92.74760328307177,87.55823335355599,0.1458101441701612,0.1458101441701612,0.0,0.0,0.0,0.0,0.0,0.0,0.1458101441701612
2025-01-01 00:12:15,0.10552994656696027,-81.98833134568814,89.26950492264812,0.10552994656696027,0.10552994656696027,0.0,0.0,0.0,0.0,0.0,0.0,0.10552994656696027
2025-01-01 00:12:20,0.06524974896375837,-91.92670339480809,87.77910682071568,0.06524974896375837,0.06524974896375837,0.0,0.0,0.0,0.0,0.0,0.0,0.06524974896375837
2025-01-01 00:12:25,0.024969551360556473,-92.4047297616482,89.41819051198037,0.024969551360556473,0.024969551360556473,0.0,0.0,0.0,0.0,0.0,0.0,0.024969551360556473
2025-01-01 00:12:30,-0.01531064624264543,-97.55468625423276,87.57679935122268,-0.01531064624264543,-0.01531064624264543,0.0,0.0,0.0,0.0,0.0,0.0,-0.01531064624264543
2025-01-01 00:12:35,-0.05559084384584733,-86.85911263266104,87.51979394789976,-0.05559084384584733,-0.05559084384584733,0.0,0.0,0.0,0.0,0.0,0.0,-0.05559084384584733
2025-01-01 00:12:40,-0.09587104144905707,-83.30119364668796,91.32604198825021,-0.09587104144905707,-0.09587104144905707,0.0,0.0,0.0,0.0,0.0,0.0,-0.09587104144905707
2025-01-01 00:12:45,-0.1361511829589436,-90.91627157655672,88.84458558563273,-0.1361511829589436,-0.1361511829589436,0.0,0.0,0.0,0.0,0.0,0.0,-0.1361511829589436
2025-01-01 00:12:50,-0.17643132446882817,-92.44865481578576,89.45343585237892,-0.17643132446882817,-0.17643132446882817,0.0,0.0,0.0,0.0,0.0,0.0,-0.17643132446882817
2025-01-01 00:12:55,-0.2167114659787137,-95.69008997427296,85.68518859206841,-0.2167114659787137,-0.2167114659787137,0.0,0.0,0.0,0.0,0.0,0.0,-0.2167114659787137
2025-01-01 00:13:00,-0.2569916074885983,-85.69203965956609,89.91491767701058,-0.2569916074885983,-0.2569916074885983,0.0,0.0,0.0,0.0,0.0,0.0,-0.2569916074885983
2025-01-01 00:13:05,-0.29727174899848385,-88.51329619428871,93.08286107240215,-0.29727174899848385,-0.29727174899848385,0.0,0.0,0.0,0.0,0.0,0.0,-0.29727174899848385
2025-01-01 00:13:10,-0.3375518905083684,-92.62834407667093,89.26298635697444,-0.3375518905083684,-0.3375518905083684,0.0,0.0,0.0,0.0,0.0,0.0,-0.3375518905083684
2025-01-01 00:13:15,-0.377832032018253,-87.69814547162744,93.75017477321819,-0.377832032018253,-0.377832032018253,0.0,0.0,0.0,0.0,0.0,0.0,-0.377832032018253
2025-01-01 00:13:20,-0.4181121735281131,-88.12343635154625,88.27609734004743,-0.4181121735281131,-0.4181121735281131,0.0,0.0,0.0,0.0,0.0,0.0,-0.4181121735281131
2025-01-01 00:13:25,-0.45839231917503775,-94.790692104571,87.65201685415006,-0.45839231917503775,-0.45839231917503775,0.0,0.0,0.0,0.0,0.0,0.0,-0.45839231917503775
2025-01-01 00:13:30,-0.49867246482196154,-83.47120513510346,91.7457545968074,-0.49867246482196154,-0.49867246482196154,0.0,0.0,0.0,0.0,0.0,0.0,-0.49867246482196154
2025-01-01 00:13:35,-0.5389526104688862,-86.93450030825555,92.78528886325132,-0.5389526104688862,-0.5389526104688862,0.0,0.0,0.0,0.0,0.0,0.0,-0.5389526104688862
2025-01-01 00:13:40,-0.5792327561158109,-91.03275835289143,90.76185382733063,-0.5792327561158109,-0.5792327561158109,0.0,0.0,0.0,0.0,0.0,0.0,-0.5792327561158109
2025-01-01 00:13:45,-0.6195129017627357,-90.07886921632443,95.54116162273624,-0.6195129017627357,-0.6195129017627357,0.0,0.0,0.0,0.0,0.0,0.0,-0.6195129017627357
2025-01-01 00:13:50,-0.6597930474096604,-89.1520170990044,90.72434254972622,-0.6597930474096604,-0.6597930474096604,0.0,0.0,0.0,0.0,0.0,0.0,-0.6597930474096604
2025-01-01 00:13:55,-0.7000731930565998,-92.29576874497921,90.44858838483657,-0.7000731930565998,-0.7000731930565998,0.0,0.0,0.0,0.0,0.0,0.0,-0.7000731930565998
2025-01-01 00:14:00,-0.7403533488721168,-95.74254288334089,85.18536780732016,-0.7403533488721168,-0.7403533488721168,0.0,0.0,0.0,0.0,0.0,0.0,-0.7403533488721168
2025-01-01 00:14:05,-0.7806335046876327,-94.85317680333966,87.2435341113165,-0.7806335046876327,-0.7806335046876327,0.0,0.0,0.0,0.0,0.0,0.0,-0.7806335046876327
2025-01-01 00:14:10,-0.8209136605031487,-85.22279506409737,85.7529627270707,-0.8209136605031487,-0.8209136605031487,0.0,0.0,0.0,0.0,0.0,0.0,-0.8209136605031487
2025-01-01 00:14:15,-0.8611938163186648,-97.43072862037133,85.45048384172617,-0.8611938163186648,-0.8611938163186648,0.0,0.0,0.0,0.0,0.0,0.0,-0.8611938163186648
2025-01-01 00:14:20,-0.9014739721341808,-94.59007795548193,84.0258181129197,-0.9014739721341808,-0.9014739721341808,0.0,0.0,0.0,0.0,0.0,0.0,-0.9014739721341808
2025-01-01 00:14:25,-0.9417541279496967,-97.91737829311101,80.69990518469834,-0.9417541279496967,-0.9417541279496967,0.0,0.0,0.0,0.0,0.0,0.0,-0.9417541279496967
2025-01-01 00:14:30,-0.9820342837652117,-92.61529919285334,82.8403441287885,-0.9820342837652117,-0.9820342837652117,0.0,0.0,0.0,0.0,0.0,0.0,-0.9820342837652117
2025-01-01 00:14:35,-1.0223144395807169,-95.54599484027372,85.14008662541875,-1.0223144395807169,-1.0223144395807169,0.0,0.0,0.0,0.0,0.0,0.0,-1.0223144395807169
2025-01-01 00:14:40,-1.0625942436471776,-88.8348243162327,84.98410180828901,-1.0625942436471776,-1.0625942436471776,0.0,0.0,0.0,0.0,0.0,0.0,-1.0625942436471776
2025-01-01 00:14:45,-1.102874047713638,-93.55693553768735,81.96713756568863,-1.102874047713638,-1.102874047713638,0.0,0.0,0.0,0.0,0.0,0.0,-1.102874047713638
2025-01-01 00:14:50,-1.1431538517800997,-89.35947521103483,90.6314595220015,-1.1431538517800997,-1.1431538517800997,0.0,0.0,0.0,0.0,0.0,0.0,-1.1431538517800997
2025-01-01 00:14:55,-1.1834336558465601,-89.68972754807184,89.26151756199596,-1.1834336558465601,-1.1834336558465601,0.0,0.0,0.0,0.0,0.0,0.0,-1.1834336558465601
2025-01-01 00:15:00,-1.2237134599130217,-85.68201473628396,82.54029310557938,-1.2237134599130217,-1.2237134599130217,0.0,0.0,0.0,0.0,0.0,0.0,-1.2237134599130217
2025-01-01 00:15:05,-1.2639932639794824,-86.41733992866457,96.76525621164538,-1.2639932639794824,-1.2639932639794824,0.0,0.0,0.0,0.0,0.0,0.0,-1.2639932639794824
2025-01-01 00:15:10,-1.3042730680459371,-95.7523961544407,96.51247278859532,-1.3042730680459371,-1.3042730680459371,0.0,0.0,0.0,0.0,0.0,0.0,-1.3042730680459371
2025-01-01 00:15:15,-1.3445527196750529,-89.36163627718406,84.4683358573879,-1.3445527196750529,-1.3445527196750529,0.0,0.0,0.0,0.0,0.0,0.0,-1.3445527196750529
2025-01-01 00:15:20,-1.3848323713041668,-89.72096085638803,91.56494332835352,-1.3848323713041668,-1.3848323713041668,0.0,0.0,0.0,0.0,0.0,0.0,-1.3848323713041668
2025-01-01 00:15:25,-1.4251120229332819,-94.20866583080588,85.65024141329415,-1.4251120229332819,-1.4251120229332819,0.0,0.0,0.0,0.0,0.0,0.0,-1.4251120229332819
2025-01-01 00:15:30,-1.4653916745623958,-91.10228197987675,88.53116045593424,-1.4653916745623958,-1.4653916745623958,0.0,0.0,0.0,0.0,0.0,0.0,-1.4653916745623958
2025-01-01 00:15:35,-1.5056713261915107,-93.43840225050602,85.13373947749164,-1.5056713261915107,-1.5056713261915107,0.0,0.0,0.0,0.0,0.0,0.0,-1.5056713261915107
2025-01-01 00:15:40,-1.5459509778206246,-95.65381803363466,89.42553673917664,-1.5459509778206246,-1.5459509778206246,0.0,0.0,0.0,0.0,0.0,0.0,-1.5459509778206246
2025-01-01 00:15:45,-1.5862306294497397,-98.49309214000832,89.14360213910105,-1.5862306294497397,-1.5862306294497397,0.0,0.0,0.0,0.0,0.0,0.0,-1.5862306294497397
2025-01-01 00:15:50,-1.6265102810788428,-92.85086652560013,87.24299687464153,-1.6265102810788428,-1.6265102810788428,0.0,0.0,0.0,0.0,0.0,0.0,-1.6265102810788428
2025-01-01 00:15:55,-1.6667904034773662,-91.64398565854832,89.34393211460923,-1.6667904034773662,-1.6667904034773662,0.0,0.0,0.0,0.0,0.0,0.0,-1.6667904034773662
2025-01-01 00:16:00,-1.7070705258758896,-87.37707914640677,88.50367849193736,-1.7070705258758896,-1.7070705258758896,0.0,0.0,0.0,0.0,0.0,0.0,-1.7070705258758896
2025-01-01 00:16:05,-1.747350648274413,-90.78522101416847,87.99110385215481,-1.747350648274413,-1.747350648274413,0.0,0.0,0.0,0.0,0.0,0.0,-1.747350648274413
2025-01-01 00:16:10,-1.7876307706729364,-96.70253004531006,81.46476545654352,-1.7876307706729364,-1.7876307706729364,0.0,0.0,0.0,0.0,0.0,0.0,-1.7876307706729364
2025-01-01 00:16:15,-1.8279108930714596,-91.40788781942088,79.52914648354158,-1.8279108930714596,-1.8279108930714596,0.0,0.0,0.0,0.0,0.0,0.0,-1.8279108930714596
2025-01-01 00:16:20,-1.8681910154699821,-85.82032152535844,93.89831071947822,-1.8681910154699821,-1.8681910154699821,0.0,0.0,0.0,0.0,0.0,0.0,-1.8681910154699821
2025-01-01 00:16:25,-1.9084711378685053,-87.25120128093765,87.05345672468454,-1.9084711378685053,-1.9084711378685053,0.0,0.0,0.0,0.0,0.0,0.0,-1.9084711378685053
2025-01-01 00:16:30,-1.9487512602670298,-93.56613080565864,90.92254831253672,-1.9487512602670298,-1.9487512602670298,0.0,0.0,0.0,0.0,0.0,0.0,-1.9487512602670298
2025-01-01 00:16:35,-1.989031382665553,-95.34204642771198,84.53507847810486,-1.989031382665553,-1.989031382665553,0.0,0.0,0.0,0.0,0.0,0.0,-1.989031382665553
2025-01-01 00:16:40,-2.0293115050640766,-93.82008400773721,85.95086527904621,-2.0293115050640766,-2.0293115050640766,0.0,0.0,0.0,0.0,0.0,0.0,-2.0293115050640766
2025-01-01 00:16:45,-2.0695916274625996,-100.08758321816966,85.10847205322752,-2.0695916274625996,-2.0695916274625996,0.0,0.0,0.0,0.0,0.0,0.0,-2.0695916274625996
2025-01-01 00:16:50,-2.109871749861123,-88.82548243066199,88.3167496894764,-2.109871749861123,-2.109871749861123,0.0,0.0,0.0,0.0,0.0,0.0,-2.109871749861123
2025-01-01 00:16:55,-2.1501518722596464,-88.6196302795642,83.10668149185041,-2.1501518722596464,-2.1501518722596464,0.0,0.0,0.0,0.0,0.0,0.0,-2.1501518722596464
2025-01-01 00:17:00,-2.19043199465817,-95.40849555564566,91.44263585641949,-2.19043199465817,-2.19043199465817,0.0,0.0,0.0,0.0,0.0,0.0,-2.19043199465817
2025-01-01 00:17:05,-2.230712117056694,-90.0523528130609,87.32978427370294,-2.230712117056694,-2.230712117056694,0.0,0.0,0.0,0.0,0.0,0.0,-2.230712117056694
2025-01-01 00:17:10,-2.2709922394552176,-93.22782729780845,91.06493462251106,-2.2709922394552176,-2.2709922394552176,0.0,0.0,0.0,0.0,0.0,0.0,-2.2709922394552176
2025-01-01 00:17:15,-2.311272361853741,-97.60003134231246,80.96344492354714,-2.311272361853741,-2.311272361853741,0.0,0.0,0.0,0.0,0.0,0.0,-2.311272361853741
2025-01-01 00:17:20,-2.3515524842522644,-93.26723465072479,84.19472619145085,-2.3515524842522644,-2.3515524842522644,0.0,0.0,0.0,0.0,0.0,0.0,-2.3515524842522644
2025-01-01 00:17:25,-2.391832606650787,-95.26295383492328,78.48259008887932,-2.391832606650787,-2.391832606650787,0.0,0.0,0.0,0.0,0.0,0.0,-2.391832606650787
2025-01-01 00:17:30,-2.43211272904931,-87.58603686161942,89.27101412732624,-2.43211272904931,-2.43211272904931,0.0,0.0,0.0,0.0,0.0,0.0,-2.43211272904931
2025-01-01 00:17:35,-2.4723928514478333,-92.54974464640028,83.61566274687914,-2.4723928514478333,-2.4723928514478333,0.0,0.0,0.0,0.0,0.0,0.0,-2.4723928514478333
2025-01-01 00:17:40,-2.5126729738463576,-93.30340798371633,96.07211421076423,-2.5126729738463576,-2.5126729738463576,0.0,0.0,0.0,0.0,0.0,0.0,-2.5126729738463576
2025-01-01 00:17:45,-2.552953096244881,-97.9970437783569,85.46199784399587,-2.552953096244881,-2.552953096244881,0.0,0.0,0.0,0.0,0.0,0.0,-2.552953096244881
2025-01-01 00:17:50,-2.5932332186434044,-93.81276302044294,90.65013196037462,-2.5932332186434044,-2.5932332186434044,0.0,0.0,0.0,0.0,0.0,0.0,-2.5932332186434044
2025-01-01 00:17:55,-2.633513341041928,-90.5918133102807,86.94507139716092,-2.633513341041928,-2.633513341041928,0.0,0.0,0.0,0.0,0.0,0.0,-2.633513341041928
2025-01-01 00:18:00,-2.673793463440451,-89.59150555912454,88.06686611303955,-2.673793463440451,-2.673793463440451,0.0,0.0,0.0,0.0,0.0,0.0,-2.673793463440451
2025-01-01 00:18:05,-2.7140735858389746,-94.61426383807466,81.20672366155793,-2.7140735858389746,-2.7140735858389746,0.0,0.0,0.0,0.0,0.0,0.0,-2.7140735858389746
2025-01-01 00:18:10,-2.754353708237498,-91.17306758196985,86.10213427690519,-2.754353708237498,-2.754353708237498,0.0,0.0,0.0,0.0,0.0,0.0,-2.754353708237498
2025-01-01 00:18:15,-2.79463383063602,-91.99240223131847,89.14346366226656,-2.79463383063602,-2.79463383063602,0.0,0.0,0.0,0.0,0.0,0.0,-2.79463383063602
2025-01-01 00:18:20,-2.8349139530345457,-88.57798050594887,79.57542832304422,-2.8349139530345457,-2.8349139530345457,0.0,0.0,0.0,0.0,0.0,0.0,-2.8349139530345457
2025-01-01 00:18:25,-2.875194075433069,-94.87559986206341,87.19530759207814,-2.875194075433069,-2.875194075433069,0.0,0.0,0.0,0.0,0.0,0.0,-2.875194075433069
2025-01-01 00:18:30,-2.9154741978315926,-93.345222660389,86.9215243263347,-2.9154741978315926,-2.9154741978315926,0.0,0.0,0.0,0.0,0.0,0.0,-2.9154741978315926
2025-01-01 00:18:35,-2.9557543202301155,-93.37189768574797,81.80545846214031,-2.9557543202301155,-2.9557543202301155,0.0,0.0,0.0,0.0,0.0,0.0,-2.9557543202301155
2025-01-01 00:18:40,-2.996034442628639,-88.80203793530956,87.98290048699087,-2.996034442628639,-2.996034442628639,0.0,0.0,0.0,0.0,0.0,0.0,-2.996034442628639
2025-01-01 00:18:45,-3.0363145650271623,-93.18477944185202,89.45078015200757,-3.0363145650271623,-3.0363145650271623,0.0,0.0,0.0,0.0,0.0,0.0,-3.0363145650271623
2025-01-01 00:18:50,-3.076594687425684,-96.11848599505429,85.67240386222231,-3.076594687425684,-3.076594687425684,0.0,0.0,0.0,0.0,0.0,0.0,-3.076594687425684
2025-01-01 00:18:55,-3.116874809824209,-90.56701001573248,92.037501622041,-3.116874809824209,-3.116874809824209,0.0,0.0,0.0,0.0,0.0,0.0,-3.116874809824209
2025-01-01 00:19:00,-3.1571549322227326,-93.1981717737514,88.66979249954726,-3.1571549322227326,-3.1571549322227326,0.0,0.0,0.0,0.0,0.0,0.0,-3.1571549322227326
2025-01-01 00:19:05,-3.197435054621256,-90.80403083491255,85.22238592900358,-3.197435054621256,-3.197435054621256,0.0,0.0,0.0,0.0,0.0,0.0,-3.197435054621256
2025-01-01 00:19:10,-3.2377151770197794,-89.4379946892219,92.63349704525233,-3.2377151770197794,-3.2377151770197794,0.0,0.0,0.0,0.0,0.0,0.0,-3.2377151770197794
2025-01-01 00:19:15,-3.277995299418303,-89.4677473034094,86.45104766342358,-3.277995299418303,-3.277995299418303,0.0,0.0,0.0,0.0,0.0,0.0,-3.277995299418303
2025-01-01 00:19:20,-3.3182754218168258,-98.1808456115162,79.326931736902,-3.3182754218168258,-3.3182754218168258,0.0,0.0,0.0,0.0,0.0,0.0,-3.3182754218168258
2025-01-01 00:19:25,-3.358555544215349,-90.49118768685462,87.92897977403321,-3.358555544215349,-3.358555544215349,0.0,0.0,0.0,0.0,0.0,0.0,-3.358555544215349
2025-01-01 00:19:30,-3.3988356666138726,-95.23041774646802,89.24290780855547,-3.3988356666138726,-3.3988356666138726,0.0,0.0,0.0,0.0,0.0,0.0,-3.3988356666138726
2025-01-01 00:19:35,-3.439115789012396,-95.22694325067559,79.90635584425577,-3.439115789012396,-3.439115789012396,0.0,0.0,0.0,0.0,0.0,0.0,-3.439115789012396
2025-01-01 00:19:40,-3.4793959114109194,-90.52954559030901,91.66662585644536,-3.4793959114109194,-3.4793959114109194,0.0,0.0,0.0,0.0,0.0,0.0,-3.4793959114109194
2025-01-01 00:19:45,-3.519676033809443,-98.59556755966845,84.21201278991241,-3.519676033809443,-3.519676033809443,0.0,0.0,0.0,0.0,0.0,0.0,-3.519676033809443
2025-01-01 00:19:50,-3.5599561562079662,-100.17788974621828,78.45169780851867,-3.5599561562079662,-3.5599561562079662,0.0,0.0,0.0,0.0,0.0,0.0,-3.5599561562079662
2025-01-01 00:19:55,-3.6002362786064896,-95.49130266975749,79.30078954355915,-3.6002362786064896,-3.6002362786064896,0.0,0.0,0.0,0.0,0.0,0.0,-3.6002362786064896
2025-01-01 00:20:00,-3.640516401005013,-90.70489807852498,88.85342142705423,-3.640516401005013,-3.640501678526724,0.0,0.0,0.0,0.0,0.0,0.0,-3.640516401005013
2025-01-01 00:20:05,-3.680796523403536,-95.19813046585145,90.55817718989807,-3.7063162022707496,-3.656303201193463,0.0,0.0,0.0,0.0,0.0,0.0,-3.680796523403536
2025-01-01 00:20:10,-3.7210766458020594,-100.0940916301613,87.92493103004999,-3.7867480453839475,-3.6559708490057155,0.0,0.0,0.0,0.0,0.0,0.0,-3.7210766458020594
2025-01-01 00:20:15,-3.761356768200583,-100.48207926445032,80.93818536788636,-3.8725441786622232,-3.6469811925871567,0.0,0.0,0.0,0.0,0.0,0.0,-3.761356768200583
2025-01-01 00:20:20,-3.8016368905991063,-86.94870118122779,82.30941804550689,-3.9957121243606477,-3.596901145371246,0.0,0.0,0.0,0.0,0.0,0.0,-3.8016368905991063
2025-01-01 00:20:25,-3.8419170129976297,-94.88899353721092,84.69424999825803,-4.145173724560958,-3.557454053063278,0.0,0.0,0.0,0.0,0.0,0.0,-3.8419170129976297
2025-01-01 00:20:30,-3.882197135396155,-100.73348865537342,79.32968953972527,-4.284411979812466,-3.5092611376381564,0.0,0.0,0.0,0.0,0.0,0.0,-3.882197135396155
2025-01-01 00:20:35,-3.9224772577946783,-89.66020119236481,89.99848752024808,-4.431035295097966,-3.440701971867242,0.0,0.0,0.0,0.0,0.0,0.0,-3.9224772577946783
2025-01-01 00:20:40,-3.9627573801932017,-92.29512602198203,79.38045069153912,-4.589496329525578,-3.3412120811554225,0.0,0.0,0.0,0.0,0.0,0.0,-3.9627573801932017
2025-01-01 00:20:45,-4.003037502591725,-90.1538269155604,84.2716454213699,-4.764307630881294,-3.273134182071535,0.0,0.0,0.0,0.0,0.0,0.0,-4.003037502591725
2025-01-01 00:20:50,-4.043317624990248,-98.48369662691141,84.92487007809893,-4.965753083857316,-3.1790359698710975,0.0,0.0,0.0,0.0,0.0,0.0,-4.043317624990248
2025-01-01 00:20:55,-4.08359774738877,-94.53926075356573,83.16812860936683,-5.137953873878388,-3.025713138428756,0.0,0.0,0.0,0.0,0.0,0.0,-4.08359774738877
2025-01-01 00:21:00,-4.123877869787293,-95.52053600604151,83.80217440885914,-5.302478598319219,-2.9357148300565723,0.0,0.0,0.0,0.0,0.0,0.0,-4.123877869787293
2025-01-01 00:21:05,-4.1641579921858165,-98.21431778368132,88.00318103673237,-5.471457009065422,-2.7791106161936825,0.0,0.0,0.0,0.0,0.0,0.0,-4.1641579921858165
2025-01-01 00:21:10,-4.20443811458434,-94.1798898657737,84.79644948589002,-5.65046620403421,-2.6401232810751263,0.0,0.0,0.0,0.0,0.0,0.0,-4.20443811458434
2025-01-01 00:21:15,-4.244718236982863,-90.70648480857551,84.14965703137413,-5.895614593439259,-2.524008018335847,0.0,0.0,0.0,0.0,0.0,0.0,-4.244718236982863
2025-01-01 00:21:20,-4.284998359381387,-92.38522166521649,91.90260091840724,-6.101796423799245,-2.4184420391646015,0.0,0.0,0.0,0.0,0.0,0.0,-4.284998359381387
2025-01-01 00:21:25,-4.32527848177991,-97.19352437106033,82.73622711736802,-6.348387131731989,-2.247340549956426,0.0,0.0,0.0,0.0,0.0,0.0,-4.32527848177991
2025-01-01 00:21:30,-4.3655586041784336,-98.28430731939929,82.64265168613318,-6.5463121132572075,-2.0341325081968513,0.0,0.0,0.0,0.0,0.0,0.0,-4.3655586041784336
2025-01-01 00:21:35,-4.405838726576957,-96.4024210802072,83.48318656476447,-6.692164547787806,-1.8064104750923224,0.0,0.0,0.0,0.0,0.0,0.0,-4.405838726576957
2025-01-01 00:21:40,-4.44611884897548,-92.87160866282963,80.54978981393441,-6.912996318915591,-1.646331299209613,0.0,0.0,0.0,0.0,0.0,0.0,-4.44611884897548
2025-01-01 00:21:45,-4.486398971374006,-98.2202780941108,87.46380979488285,-7.212695388004438,-1.512996323885259,0.0,0.0,0.0,0.0,0.0,0.0,-4.486398971374006
2025-01-01 00:21:50,-4.526679093772529,-97.1523865356752,88.25902062686738,-7.420272822138555,-1.3840042806016954,0.0,0.0,0.0,0.0,0.0,0.0,-4.526679093772529
2025-01-01 00:21:55,-4.566959216171052,-98.11397604806915,81.47263590170677,-7.777928108205522,-1.190641860257979,0.0,0.0,0.0,0.0,0.0,0.0,-4.566959216171052
2025-01-01 00:22:00,-4.607239338569576,-97.57238170710647,85.46173232685574,-8.041623853719779,-1.027067331855085,0.0,0.0,0.0,0.0,0.0,0.0,-4.607239338569576
2025-01-01 00:22:05,-4.647519460968099,-95.73676660936128,85.65348942811028,-8.29223297095159,-0.8888580124105959,0.0,0.0,0.0,0.0,0.0,0.0,-4.647519460968099
2025-01-01 00:22:10,-4.687799583366622,-96.51842807084117,78.81808303736818,-8.493497869658786,-0.7697020469943029,0.0,0.0,0.0,0.0,0.0,0.0,-4.687799583366622
2025-01-01 00:22:15,-4.728079705765145,-92.56669133306539,84.81408571121679,-8.72972316993137,-0.578586989246284,0.0,0.0,0.0,0.0,0.0,0.0,-4.728079705765145
2025-01-01 00:22:20,-4.7683598281636685,-96.87647082026177,84.60604739786508,-8.996210951393875,-0.46089795568761255,0.0,0.0,0.0,0.0,0.0,0.0,-4.7683598281636685
2025-01-01 00:22:25,-4.808639950562192,-95.21353628677305,89.63485457088008,-9.308832395816907,-0.282495375417021,0.0,0.0,0.0,0.0,0.0,0.0,-4.808639950562192
2025-01-01 00:22:30,-4.848920072960715,-91.5419393842602,86.01109257089966,-9.611747310402276,-0.1010954747584382,0.0,0.0,0.0,0.0,0.0,0.0,-4.848920072960715
2025-01-01 00:22:35,-4.889200195359239,-103.28867188936573,84.33951200171518,-9.9468922303463,0.10090439523664159,0.0,0.0,0.0,0.0,0.0,0.0,-4.889200195359239
2025-01-01 00:22:40,-4.929480317757762,-92.7188928379508,81.60605498255558,-10.175898515387674,0.2842512411728066,0.0,0.0,0.0,0.0,0.0,0.0,-4.929480317757762
2025-01-01 00:22:45,-4.969760440156284,-96.55022640743945,85.29733315500192,-10.413635959461004,0.5364849734712916,0.0,0.0,0.0,0.0,0.0,0.0,-4.969760440156284
2025-01-01 00:22:50,-5.010040562554807,-96.42427449365012,82.03696906924604,-10.63650207335581,0.6215446293869609,0.0,0.0,0.0,0.0,0.0,0.0,-5.010040562554807
2025-01-01 00:22:55,-5.050320684953331,-95.60392777345119,89.2677839510477,-10.990380754453916,0.8464004454573429,0.0,0.0,0.0,0.0,0.0,0.0,-5.050320684953331
2025-01-01 00:23:00,-5.090600807351856,-96.75485320960941,81.3291692963598,-11.286708716580314,1.0374618296298928,0.0,0.0,0.0,0.0,0.0,0.0,-5.090600807351856
2025-01-01 00:23:05,-5.130880929750379,-102.83033593051796,81.72454806136355,-11.596256255302789,1.1396345631979166,0.0,0.0,0.0,0.0,0.0,0.0,-5.130880929750379
2025-01-01 00:23:10,-5.171161052148903,-97.0726237802502,85.90047482956511,-11.94771455722128,1.378566849016505,0.0,0.0,0.0,0.0,0.0,0.0,-5.171161052148903
2025-01-01 00:23:15,-5.211441174547426,-90.58379450287535,80.52812513432492,-12.233376267563141,1.655374495033588,0.0,0.0,0.0,0.0,0.0,0.0,-5.211441174547426
2025-01-01 00:23:20,-5.2517212969459495,-93.96367587852784,80.71041828928617,-12.59394071845986,1.8702078219937126,0.0,0.0,0.0,0.0,0.0,0.0,-5.2517212969459495
2025-01-01 00:23:25,-5.292001419344473,-101.36116069402347,87.81431768549253,-12.921953979496717,2.125386219802399,0.0,0.0,0.0,0.0,0.0,0.0,-5.292001419344473
2025-01-01 00:23:30,-5.332281541742996,-94.56976909259755,88.30136642491767,-13.377116384971892,2.2890792357313323,0.0,0.0,0.0,0.0,0.0,0.0,-5.332281541742996
2025-01-01 00:23:35,-5.37256166414152,-93.95486586643501,82.4450922897243,-13.81984662288944,2.5794559531729004,0.0,0.0,0.0,0.0,0.0,0.0,-5.37256166414152
2025-01-01 00:23:40,-5.412841786540042,-98.06372464246178,86.11714453352978,-14.186959887236435,2.859787585803941,0.0,0.0,0.0,0.0,0.0,0.0,-5.412841786540042
2025-01-01 00:23:45,-5.453121908938566,-94.28449758195762,81.99571243146836,-14.576171275742297,3.163287819492299,0.0,0.0,0.0,0.0,0.0,0.0,-5.453121908938566
2025-01-01 00:23:50,-5.493402031337089,-94.21546377572425,83.86961062206282,-14.892002954254854,3.4514074682408147,0.0,0.0,0.0,0.0,0.0,0.0,-5.493402031337089
2025-01-01 00:23:55,-5.5336821537356125,-96.751034881063,83.94125729159971,-15.219674484758007,3.573160665586218,0.0,0.0,0.0,0.0,0.0,0.0,-5.5336821537356125
2025-01-01 00:24:00,-5.573962276134136,-95.89862221982249,85.43837193789496,-15.515150408006999,3.8134596219523056,0.0,0.0,0.0,0.0,0.0,0.0,-5.573962276134136
2025-01-01 00:24:05,-5.614242398532659,-93.28610402648843,89.40497461796097,-15.767410217757543,4.055207791474342,0.0,0.0,0.0,0.0,0.0,0.0,-5.614242398532659
2025-01-01 00:24:10,-5.654522520931183,-95.4816902289017,86.09922748793021,-16.01025608690163,4.393329968327406,0.0,0.0,0.0,0.0,0.0,0.0,-5.654522520931183
2025-01-01 00:24:15,-5.694802643329708,-101.61300804587493,91.34211114658385,-16.338476142138486,4.639485991433934,0.0,0.0,0.0,0.0,0.0,0.0,-5.694802643329708
2025-01-01 00:24:20,-5.735082765728231,-92.19151366044508,85.44302361574084,-16.64680351182959,4.9801536401105215,0.0,0.0,0.0,0.0,0.0,0.0,-5.735082765728231
2025-01-01 00:24:25,-5.775362888126755,-89.23630716563862,86.23935934734386,-16.990737658061672,5.380894750420395,0.0,0.0,0.0,0.0,0.0,0.0,-5.775362888126755
2025-01-01 00:24:30,-5.815643010525278,-97.59681931269067,87.22662780524985,-17.44223776496413,5.678577033381434,0.0,0.0,0.0,0.0,0.0,0.0,-5.815643010525278
2025-01-01 00:24:35,-5.8559231329238015,-97.4401764533976,84.95339953357599,-17.689148508323107,5.853707185359942,0.0,0.0,0.0,0.0,0.0,0.0,-5.8559231329238015
2025-01-01 00:24:40,-5.896203255322325,-91.12650098949065,82.73646417542913,-17.865440860660694,6.080951243289592,0.0,0.0,0.0,0.0,0.0,0.0,-5.896203255322325
2025-01-01 00:24:45,-5.936483377720848,-96.8017017970885,84.29428406936924,-18.13116605213852,6.255279689138301,0.0,0.0,0.0,0.0,0.0,0.0,-5.936483377720848
2025-01-01 00:24:50,-5.97676350011937,-94.38335088834272,93.75898016313218,-18.68118659676475,6.4010828292055475,0.0,0.0,0.0,0.0,0.0,0.0,-5.97676350011937
